{
  "name": "ecommerce-hackathon-backend",
  "version": "1.0.0",
  "description": "Professional E-commerce Backend API for Hackathon",
  "main": "server.js",
  "scripts": {
    "start": "node server.js",
    "dev": "nodemon server.js",
    "test": "jest",
    "seed": "node utils/seedData.js"
  },
  "keywords": ["ecommerce", "api", "hackathon", "professional"],
  "author": "Hackathon Team",
  "license": "MIT",
  "dependencies": {
    "express": "^4.18.2",
    "mongoose": "^8.0.3",
    "bcrypt": "^5.1.1",
    "jsonwebtoken": "^9.0.2",
    "cors": "^2.8.5",
    "dotenv": "^16.3.1",
    "helmet": "^7.1.0",
    "morgan": "^1.10.0",
    "compression": "^1.7.4",
    "express-rate-limit": "^7.1.5",
    "multer": "^1.4.5",
    "razorpay": "^2.9.2",
    "nodemailer": "^6.9.7",
    "validator": "^13.11.0",
    "slugify": "^1.6.6",
    "sharp": "^0.32.6"
  },
  "devDependencies": {
    "nodemon": "^3.0.2",
    "jest": "^29.7.0",
    "supertest": "^6.3.3"
  },
  "engines": {
    "node": ">=16.0.0",
    "npm": ">=8.0.0"
  }
}